{
  "providers": [
    {
      "type": "bitmap",
      "file": "resourcelings:emote/happy.png",
      "height": 16,
      "ascent": 7,
      "chars": [
        "\uc001"
      ]
    },
    {
      "type": "bitmap",
      "file": "resourcelings:emote/sad.png",
      "height": 16,
      "ascent": 7,
      "chars": [
        "\uc002"
      ]
    },
    {
      "type": "bitmap",
      "file": "resourcelings:emote/hungry.png",
      "height": 16,
      "ascent": 7,
      "chars": [
        "\uc003"
      ]
    },
    {
      "type": "bitmap",
      "file": "resourcelings:emote/thirst.png",
      "height": 16,
      "ascent": 7,
      "chars": [
        "\uc004"
      ]
    }
  ]
}
