{
  "parent": "minecraft:block/stone",
  "overrides": [
    {
      "predicate": {
        "custom_model_data": 4250000
      },
      "model": "resourcelings:item/empty"
    },
    {
      "predicate": {
        "custom_model_data": 4250001
      },
      "model": "orelings:entity/coal/idle"
    },
    {
      "predicate": {
        "custom_model_data": 4250002
      },
      "model": "orelings:entity/coal/walk"
    },
    {
      "predicate": {
        "custom_model_data": 4250003
      },
      "model": "orelings:entity/coal/idle_big"
    },
    {
      "predicate": {
        "custom_model_data": 4250004
      },
      "model": "orelings:entity/coal/walk_big"
    },
    {
      "predicate": {
        "custom_model_data": 4250005
      },
      "model": "orelings:entity/iron/idle"
    },
    {
      "predicate": {
        "custom_model_data": 4250006
      },
      "model": "orelings:entity/iron/walk"
    },
    {
      "predicate": {
        "custom_model_data": 4250007
      },
      "model": "orelings:entity/iron/idle_big"
    },
    {
      "predicate": {
        "custom_model_data": 4250008
      },
      "model": "orelings:entity/iron/walk_big"
    },
    {
      "predicate": {
        "custom_model_data": 4250009
      },
      "model": "orelings:entity/gold/idle"
    },
    {
      "predicate": {
        "custom_model_data": 4250010
      },
      "model": "orelings:entity/gold/walk"
    },
    {
      "predicate": {
        "custom_model_data": 4250011
      },
      "model": "orelings:entity/gold/idle_big"
    },
    {
      "predicate": {
        "custom_model_data": 4250012
      },
      "model": "orelings:entity/gold/walk_big"
    },
    {
      "predicate": {
        "custom_model_data": 4250013
      },
      "model": "orelings:entity/copper/idle"
    },
    {
      "predicate": {
        "custom_model_data": 4250014
      },
      "model": "orelings:entity/copper/walk"
    },
    {
      "predicate": {
        "custom_model_data": 4250015
      },
      "model": "orelings:entity/copper/idle_big"
    },
    {
      "predicate": {
        "custom_model_data": 4250016
      },
      "model": "orelings:entity/copper/walk_big"
    },
    {
      "predicate": {
        "custom_model_data": 4250017
      },
      "model": "orelings:entity/redstone/idle"
    },
    {
      "predicate": {
        "custom_model_data": 4250018
      },
      "model": "orelings:entity/redstone/walk"
    },
    {
      "predicate": {
        "custom_model_data": 4250019
      },
      "model": "orelings:entity/redstone/idle_big"
    },
    {
      "predicate": {
        "custom_model_data": 4250020
      },
      "model": "orelings:entity/redstone/walk_big"
    },
    {
      "predicate": {
        "custom_model_data": 4250021
      },
      "model": "orelings:entity/lapis_lazuli/idle"
    },
    {
      "predicate": {
        "custom_model_data": 4250022
      },
      "model": "orelings:entity/lapis_lazuli/walk"
    },
    {
      "predicate": {
        "custom_model_data": 4250023
      },
      "model": "orelings:entity/lapis_lazuli/idle_big"
    },
    {
      "predicate": {
        "custom_model_data": 4250024
      },
      "model": "orelings:entity/lapis_lazuli/walk_big"
    },
    {
      "predicate": {
        "custom_model_data": 4250025
      },
      "model": "orelings:entity/emerald/idle"
    },
    {
      "predicate": {
        "custom_model_data": 4250026
      },
      "model": "orelings:entity/emerald/walk"
    },
    {
      "predicate": {
        "custom_model_data": 4250027
      },
      "model": "orelings:entity/emerald/idle_big"
    },
    {
      "predicate": {
        "custom_model_data": 4250028
      },
      "model": "orelings:entity/emerald/walk_big"
    },
    {
      "predicate": {
        "custom_model_data": 4250029
      },
      "model": "orelings:entity/diamond/idle"
    },
    {
      "predicate": {
        "custom_model_data": 4250030
      },
      "model": "orelings:entity/diamond/walk"
    },
    {
      "predicate": {
        "custom_model_data": 4250031
      },
      "model": "orelings:entity/diamond/idle_big"
    },
    {
      "predicate": {
        "custom_model_data": 4250032
      },
      "model": "orelings:entity/diamond/walk_big"
    },
    {
      "predicate": {
        "custom_model_data": 4250033
      },
      "model": "orelings:entity/quartz/idle"
    },
    {
      "predicate": {
        "custom_model_data": 4250034
      },
      "model": "orelings:entity/quartz/walk"
    },
    {
      "predicate": {
        "custom_model_data": 4250035
      },
      "model": "orelings:entity/quartz/idle_big"
    },
    {
      "predicate": {
        "custom_model_data": 4250036
      },
      "model": "orelings:entity/quartz/walk_big"
    },
    {
      "predicate": {
        "custom_model_data": 4250037
      },
      "model": "orelings:entity/debris/idle"
    },
    {
      "predicate": {
        "custom_model_data": 4250038
      },
      "model": "orelings:entity/debris/walk"
    },
    {
      "predicate": {
        "custom_model_data": 4250039
      },
      "model": "orelings:entity/debris/idle_big"
    },
    {
      "predicate": {
        "custom_model_data": 4250040
      },
      "model": "orelings:entity/debris/walk_big"
    },
    {
      "predicate": {
        "custom_model_data": 4250041
      },
      "model": "orelings:entity/tin/idle"
    },
    {
      "predicate": {
        "custom_model_data": 4250042
      },
      "model": "orelings:entity/tin/walk"
    },
    {
      "predicate": {
        "custom_model_data": 4250043
      },
      "model": "orelings:entity/tin/idle_big"
    },
    {
      "predicate": {
        "custom_model_data": 4250044
      },
      "model": "orelings:entity/tin/walk_big"
    },
    {
      "predicate": {
        "custom_model_data": 4250045
      },
      "model": "orelings:entity/titanium/idle"
    },
    {
      "predicate": {
        "custom_model_data": 4250046
      },
      "model": "orelings:entity/titanium/walk"
    },
    {
      "predicate": {
        "custom_model_data": 4250047
      },
      "model": "orelings:entity/titanium/idle_big"
    },
    {
      "predicate": {
        "custom_model_data": 4250048
      },
      "model": "orelings:entity/titanium/walk_big"
    },
    {
      "predicate": {
        "custom_model_data": 4250049
      },
      "model": "orelings:entity/uranium/idle"
    },
    {
      "predicate": {
        "custom_model_data": 4250050
      },
      "model": "orelings:entity/uranium/walk"
    },
    {
      "predicate": {
        "custom_model_data": 4250051
      },
      "model": "orelings:entity/uranium/idle_big"
    },
    {
      "predicate": {
        "custom_model_data": 4250052
      },
      "model": "orelings:entity/uranium/walk_big"
    }
  ]
}
