[
  {
    "function": "minecraft:set_name",
    "name": {
      "nbt": "item_name",
      "storage": "resourcelings:temp",
      "interpret": true
    },
    "entity": "this"
  },
  {
    "function": "minecraft:set_lore",
    "replace": true,
    "entity": "this",
    "lore": [
      {
        "text": " "
      },
      {
        "translate": "text.resourcelings.holding",
        "with": [
          {
            "nbt": "resourceling_name",
            "storage": "resourcelings:temp",
            "interpret": true
          }
        ],
        "color": "white",
        "italic": false
      },
      {
        "translate": "text.resourcelings.happiness",
        "with": [
          {
            "score": {
              "name": "#happiness",
              "objective": "resourcelings.dummy"
            },
            "color": "green"
          }
        ],
        "color": "gray",
        "italic": false
      },
      {
        "translate": "text.resourcelings.hunger",
        "with": [
          {
            "score": {
              "name": "#hunger",
              "objective": "resourcelings.dummy"
            },
            "color": "gold"
          }
        ],
        "color": "gray",
        "italic": false
      },
      {
        "translate": "text.resourcelings.thirst",
        "with": [
          {
            "score": {
              "name": "#thirst",
              "objective": "resourcelings.dummy"
            },
            "color": "blue"
          }
        ],
        "color": "gray",
        "italic": false
      }
    ]
  },
  {
    "function": "minecraft:copy_nbt",
    "source": {
      "type": "minecraft:storage",
      "source": "resourcelings:temp"
    },
    "ops": [
      {
        "source": "resourceling",
        "target": "resourcelings",
        "op": "replace"
      }
    ]
  }
]
