{
	"credit": "Made with Blockbench",
	"textures": {
		"0": "resourcelings:custom_entity/common/face",
		"1": "block/diamond_ore",
		"2": "resourcelings:custom_entity/common/walk",
		"particle": "resourcelings:custom_entity/common/face"
	},
	"elements": [
		{
			"name": "face",
			"from": [4, 4, 3.99],
			"to": [12, 12, 3.99],
			"faces": {
				"north": {"uv": [0, 0, 16, 16], "texture": "#0"}
			}
		},
		{
			"name": "body",
			"from": [4, 4, 4],
			"to": [12, 12, 12],
			"faces": {
				"north": {"uv": [7, 7, 15, 15], "texture": "#1"},
				"east": {"uv": [7, 7, 15, 15], "texture": "#1"},
				"south": {"uv": [7, 7, 15, 15], "texture": "#1"},
				"west": {"uv": [7, 7, 15, 15], "texture": "#1"},
				"up": {"uv": [7, 7, 15, 15], "texture": "#1"},
				"down": {"uv": [7, 7, 15, 15], "texture": "#1"}
			}
		},
		{
			"name": "left_leg_1",
			"from": [5, 0, 7],
			"to": [7, 4, 9],
			"rotation": {"angle": -45, "axis": "x", "origin": [6, 4, 8]},
			"faces": {
				"north": {"uv": [0, 0, 1, 2.5], "texture": "#2"},
				"east": {"uv": [0, 0, 1, 2.5], "texture": "#2"},
				"south": {"uv": [0, 0, 1, 2.5], "texture": "#2"},
				"west": {"uv": [0, 0, 1, 2.5], "texture": "#2"},
				"up": {"uv": [0, 0, 1, 1], "texture": "#2"},
				"down": {"uv": [0, 0, 1, 1], "texture": "#2"}
			}
		},
		{
			"name": "left_leg_2",
			"from": [5, 0, 7],
			"to": [7, 4, 9],
			"rotation": {"angle": 0, "axis": "y", "origin": [6, 4, 8]},
			"faces": {
				"north": {"uv": [0, 8, 1, 10.5], "texture": "#2"},
				"east": {"uv": [0, 8, 1, 10.5], "texture": "#2"},
				"south": {"uv": [0, 8, 1, 10.5], "texture": "#2"},
				"west": {"uv": [0, 8, 1, 10.5], "texture": "#2"},
				"up": {"uv": [0, 8, 1, 9], "texture": "#2"},
				"down": {"uv": [0, 8, 1, 9], "texture": "#2"}
			}
		},
		{
			"name": "left_leg_3",
			"from": [5, 0, 7],
			"to": [7, 4, 9],
			"rotation": {"angle": 45, "axis": "x", "origin": [6, 4, 8]},
			"faces": {
				"north": {"uv": [8, 0, 9, 2.5], "texture": "#2"},
				"east": {"uv": [8, 0, 9, 2.5], "texture": "#2"},
				"south": {"uv": [8, 0, 9, 2.5], "texture": "#2"},
				"west": {"uv": [8, 0, 9, 2.5], "texture": "#2"},
				"up": {"uv": [8, 0, 9, 1], "texture": "#2"},
				"down": {"uv": [8, 0, 9, 1], "texture": "#2"}
			}
		},
		{
			"name": "left_arm_1",
			"from": [2, 4, 7],
			"to": [4, 8, 9],
			"rotation": {"angle": 45, "axis": "x", "origin": [4, 7, 8]},
			"faces": {
				"north": {"uv": [0, 0, 1, 2.5], "texture": "#2"},
				"east": {"uv": [0, 0, 1, 2.5], "texture": "#2"},
				"south": {"uv": [0, 0, 1, 2.5], "texture": "#2"},
				"west": {"uv": [0, 0, 1, 2.5], "texture": "#2"},
				"up": {"uv": [0, 0, 1, 1], "texture": "#2"},
				"down": {"uv": [0, 0, 1, 1], "texture": "#2"}
			}
		},
		{
			"name": "left_arm_2",
			"from": [2, 4, 7],
			"to": [4, 8, 9],
			"rotation": {"angle": 0, "axis": "y", "origin": [4, 7, 8]},
			"faces": {
				"north": {"uv": [0, 8, 1, 10.5], "texture": "#2"},
				"east": {"uv": [0, 8, 1, 10.5], "texture": "#2"},
				"south": {"uv": [0, 8, 1, 10.5], "texture": "#2"},
				"west": {"uv": [0, 8, 1, 10.5], "texture": "#2"},
				"up": {"uv": [0, 8, 1, 9], "texture": "#2"},
				"down": {"uv": [0, 8, 1, 9], "texture": "#2"}
			}
		},
		{
			"name": "left_arm_3",
			"from": [2, 4, 7],
			"to": [4, 8, 9],
			"rotation": {"angle": -45, "axis": "x", "origin": [4, 7, 8]},
			"faces": {
				"north": {"uv": [8, 0, 9, 2.5], "texture": "#2"},
				"east": {"uv": [8, 0, 9, 2.5], "texture": "#2"},
				"south": {"uv": [8, 0, 9, 2.5], "texture": "#2"},
				"west": {"uv": [8, 0, 9, 2.5], "texture": "#2"},
				"up": {"uv": [8, 0, 9, 1], "texture": "#2"},
				"down": {"uv": [8, 0, 9, 1], "texture": "#2"}
			}
		},
		{
			"name": "right_leg_1",
			"from": [9, 0, 7],
			"to": [11, 4, 9],
			"rotation": {"angle": 45, "axis": "x", "origin": [10, 4, 8]},
			"faces": {
				"north": {"uv": [0, 0, 1, 2.5], "texture": "#2"},
				"east": {"uv": [0, 0, 1, 2.5], "texture": "#2"},
				"south": {"uv": [0, 0, 1, 2.5], "texture": "#2"},
				"west": {"uv": [0, 0, 1, 2.5], "texture": "#2"},
				"up": {"uv": [0, 0, 1, 1], "texture": "#2"},
				"down": {"uv": [0, 0, 1, 1], "texture": "#2"}
			}
		},
		{
			"name": "right_leg_2",
			"from": [9, 0, 7],
			"to": [11, 4, 9],
			"rotation": {"angle": 0, "axis": "y", "origin": [10, 4, 8]},
			"faces": {
				"north": {"uv": [0, 8, 1, 10.5], "texture": "#2"},
				"east": {"uv": [0, 8, 1, 10.5], "texture": "#2"},
				"south": {"uv": [0, 8, 1, 10.5], "texture": "#2"},
				"west": {"uv": [0, 8, 1, 10.5], "texture": "#2"},
				"up": {"uv": [0, 8, 1, 9], "texture": "#2"},
				"down": {"uv": [0, 8, 1, 9], "texture": "#2"}
			}
		},
		{
			"name": "right_leg_3",
			"from": [9, 0, 7],
			"to": [11, 4, 9],
			"rotation": {"angle": -45, "axis": "x", "origin": [10, 4, 8]},
			"faces": {
				"north": {"uv": [8, 0, 9, 2.5], "texture": "#2"},
				"east": {"uv": [8, 0, 9, 2.5], "texture": "#2"},
				"south": {"uv": [8, 0, 9, 2.5], "texture": "#2"},
				"west": {"uv": [8, 0, 9, 2.5], "texture": "#2"},
				"up": {"uv": [8, 0, 9, 1], "texture": "#2"},
				"down": {"uv": [8, 0, 9, 1], "texture": "#2"}
			}
		},
		{
			"name": "right_arm_1",
			"from": [12, 4, 7],
			"to": [14, 8, 9],
			"rotation": {"angle": -45, "axis": "x", "origin": [12, 7, 8]},
			"faces": {
				"north": {"uv": [0, 0, 1, 2.5], "texture": "#2"},
				"east": {"uv": [0, 0, 1, 2.5], "texture": "#2"},
				"south": {"uv": [0, 0, 1, 2.5], "texture": "#2"},
				"west": {"uv": [0, 0, 1, 2.5], "texture": "#2"},
				"up": {"uv": [0, 0, 1, 1], "texture": "#2"},
				"down": {"uv": [0, 0, 1, 1], "texture": "#2"}
			}
		},
		{
			"name": "right_arm_2",
			"from": [12, 4, 7],
			"to": [14, 8, 9],
			"rotation": {"angle": 0, "axis": "y", "origin": [12, 7, 8]},
			"faces": {
				"north": {"uv": [0, 8, 1, 10.5], "texture": "#2"},
				"east": {"uv": [0, 8, 1, 10.5], "texture": "#2"},
				"south": {"uv": [0, 8, 1, 10.5], "texture": "#2"},
				"west": {"uv": [0, 8, 1, 10.5], "texture": "#2"},
				"up": {"uv": [0, 8, 1, 9], "texture": "#2"},
				"down": {"uv": [0, 8, 1, 9], "texture": "#2"}
			}
		},
		{
			"name": "right_arm_3",
			"from": [12, 4, 7],
			"to": [14, 8, 9],
			"rotation": {"angle": 45, "axis": "x", "origin": [12, 7, 8]},
			"faces": {
				"north": {"uv": [8, 0, 9, 2.5], "texture": "#2"},
				"east": {"uv": [8, 0, 9, 2.5], "texture": "#2"},
				"south": {"uv": [8, 0, 9, 2.5], "texture": "#2"},
				"west": {"uv": [8, 0, 9, 2.5], "texture": "#2"},
				"up": {"uv": [8, 0, 9, 1], "texture": "#2"},
				"down": {"uv": [8, 0, 9, 1], "texture": "#2"}
			}
		}
	],
	"display": {
		"ground": {
			"rotation": [0, 180, 0],
			"translation": [0, -9.5, -6.4],
			"scale": [1.01, 1.01, 1.01]
		}
	}
}