{
  "pools": [
    {
      "rolls": 1,
      "entries": [
        {
          "type": "minecraft:item",
          "name": "minecraft:warped_fungus_on_a_stick",
          "functions": [
            {
                "function": "minecraft:reference",
                "name": "resourcelings:technical/set_bundle_text"
            },
            {
                "function": "minecraft:set_nbt",
                "tag": "{CustomModelData: 4250100, smithed: {id: \"resourcelings:bundle\"}}"
            }
          ] 
        }
      ]
    }
  ]
}
